certification_id,is_number,certification_type,requirement_status,requirement_description,qco_reference,source_url
1,IS 269:2015,Cement (Quality Control) Order,BIS Scheme-I / QCO,Certification applicability for IS 269:2015 — Ordinary Portland Cement — Specification.,IS 455:2015; IS 1489 (Part 1):2015; IS 8112:2013; IS 383:2016,https://services.bis.gov.in/tmp/compendium_2025-06-02-03-45-10.pdf
2,IS 1489 (Part 1):2015,Cement (Quality Control) Order,BIS Scheme-I / QCO,"Certification applicability for IS 1489 (Part 1):2015 — Portland Pozzolana Cement — Specification, Part 1: Fly Ash Based.",IS 269:2015; IS 3812 (Part 1):2013; IS 455:2015,https://services.bis.gov.in/tmp/compendium_2025-06-02-03-45-10.pdf
3,IS 455:2015,Cement (Quality Control) Order,BIS Scheme-I / QCO,Certification applicability for IS 455:2015 — Portland Slag Cement — Specification.,IS 269:2015; IS 12089 (Part 1); IS 16714; IS 16353,https://services.bis.gov.in/tmp/tbl5_2024-11-11-10-41.pdf
4,IS 8112:2013,Cement (Quality Control) Order,BIS Scheme-I / QCO,"Certification applicability for IS 8112:2013 — Ordinary Portland Cement, 43 Grade — Specification.",IS 269:2015; IS 4031; IS 4032,https://services.bis.gov.in/php/BIS_2.0/bisconnect/ISL/is_details?IDS=MTQyNDI%3D
5,IS 383:2016,Check current product certification/QCO,BIS Standard Mark / QCO applicability check,Certification applicability for IS 383:2016 — Coarse and Fine Aggregate for Concrete — Specification.,IS 2386 (Parts 1–8); IS 2430; IS 456:2000,https://www.services.bis.gov.in/tmp/tbl5_2024-11-10_11.pdf
6,IS 456:2000,NOT_APPLICABLE,Code of practice; not a product certification standard,Certification applicability for IS 456:2000 — Plain and Reinforced Concrete — Code of Practice.,IS 383:2016; IS 1786:2008; IS 269:2015; IS 1893 (Part 1):2016,https://services.bis.gov.in/php/BIS_2.0/bisconnect/standard_review/Standard_review/Isdetails?ID=MzE2NjI%3D
7,IS 1786:2008,Steel and steel products QCO applicability,BIS Scheme-I / QCO applicability,Certification applicability for IS 1786:2008 — High Strength Deformed Steel Bars and Wires for Concrete Reinforcement — Specification.,IS 456:2000; IS 432; IS 2502,https://www.services.bis.gov.in/php/BIS_2.0/trainings/HomeUser/capsule_courses_factsheet
8,IS 2062:2011,Steel and steel products QCO applicability,BIS Scheme-I / QCO applicability,Certification applicability for IS 2062:2011 — Hot Rolled Medium and High Tensile Structural Steel — Specification.,IS 9595:1996; IS 1786:2008; IS 456:2000,https://www.services.bis.gov.in/tmp/SR2062.pdf
9,IS 458:2021,Check current product certification/QCO,BIS Standard Mark / QCO applicability check,Certification applicability for IS 458:2021 — Precast Concrete Pipes — With and Without Reinforcement.,IS 456:2000; IS 383:2016; IS 1199; IS 516,https://services.bis.gov.in/tmp/tbl5_2024-11-12-10-11.pdf
10,IS 15658:2021,Check current product certification/QCO,BIS Standard Mark / QCO applicability check,Certification applicability for IS 15658:2021 — Concrete Paving Blocks — Specification.,IS 16777:2019; IS 18889:2024; IS 18894:2024,https://services.bis.gov.in/tmp/compendium_2025-06-02-04-12-06.pdf
11,IS 4984:2016,Plastic pipes QCO applicability,BIS Scheme-I / QCO applicability,Certification applicability for IS 4984:2016 — Polyethylene Pipes for Water Supply — Specification.,IS 4985:2021; IS 12818; IS 12235,https://www.services.bis.gov.in/php/BIS_2.0/trainings/HomeUser/capsule_courses_factsheet
12,IS 4985:2021,Plastic pipes QCO applicability,BIS Scheme-I / QCO applicability,Certification applicability for IS 4985:2021 — Unplasticized PVC Pipes for Potable Water Supplies — Specification.,IS 4984; IS 12818; IS 13592; IS 7834,https://services.bis.gov.in/php/BIS_2.0/dgdashboard/published/grp_stn_list/10
13,IS 13592:2013,Plastic pipes QCO applicability,BIS Standard Mark / QCO applicability check,Certification applicability for IS 13592:2013 — Unplasticized Polyvinyl Chloride (PVC-U) Pipes for Soil and Waste Discharge Systems Inside and Outside Buildings — Specification.,IS 4985:2021; IS 7834; IS 12818,https://services.bis.gov.in/tmp/compendium_2025-06-02-04-03-04.pdf
14,IS 2720 (Part 11):1993,NOT_APPLICABLE,Soil test method,Certification applicability for IS 2720 (Part 11):1993 — Methods of Test for Soils — Determination of Shear Strength Parameters by Unconsolidated Undrained Triaxial Compression.,IS 2720 (Part 2):1973; IS 2720 soil-test series,https://www.services.bis.gov.in/tmp/SR2720_11.pdf
15,IS 1893 (Part 1):2016,NOT_APPLICABLE,Code of practice / design standard,Certification applicability for IS 1893 (Part 1):2016 — Criteria for Earthquake Resistant Design of Structures — Part 1: General Provisions and Buildings.,IS 456:2000; IS 1893 Part 2; IS 1893 Part 3; IS 1893 Part 4,https://services.bis.gov.in/php/BIS_2.0/bisconnect/standard_review/Standard_review/Isdetails?ID=NjIyNg%3D%3D
16,IS 694:2010,PVC Insulated Cables QCO,BIS Scheme-I / QCO,Certification applicability for IS 694:2010 — Polyvinyl Chloride Insulated Unsheathed and Sheathed Cables/Cords with Rigid and Flexible Conductor for Rated Voltages up to and Including 1100 V.,IS 5831; IS 3961; IS 7098,https://services.bis.gov.in/php/BIS_2.0/bisconnect/ISL/is_details?IDS=MTM4Mjk%3D
17,IS 1554 (Part 1):1988,Electric cables QCO applicability,BIS Scheme-I / QCO applicability,Certification applicability for IS 1554 (Part 1):1988 — PVC Insulated (Heavy Duty) Electric Cables — Part 1: Working Voltages up to and Including 1100 V.,IS 3961 (Part 2); IS 694; IS 7098,https://www.services.bis.gov.in/tmp/tbl5_2024-11-07_1146.pdf
18,IS 7098 (Part 1):2025,Electric cables QCO applicability,BIS Scheme-I / QCO applicability,Certification applicability for IS 7098 (Part 1):2025 — Crosslinked Polyethylene Insulated Thermoplastic Sheathed Cables — Part 1: Working Voltages up to and Including 1100 V.,IS 694:2010; IS 1554 (Part 1):1988; IS 3961,https://services.bis.gov.in/php/BIS_2.0/bisconnect/ISL/is_details?IDS=MTUyMDM%3D
19,IS 9537 (Part 3):1983,Check current conduit QCO,BIS product certification / QCO applicability check,Certification applicability for IS 9537 (Part 3):1983 — Conduits for Electrical Installations — Part 3: Rigid Plain Conduits of Insulating Materials.,IS 9537 Part 1; IS 9537 Part 2; IS 9537 Part 5,https://www.services.bis.gov.in/php/BIS_2.0/trainings/HomeUser/capsule_courses
20,IS 1180 (Part 1):2014,Distribution Transformers QCO,BIS Scheme-I / QCO,Certification applicability for IS 1180 (Part 1):2014 — Outdoor Type Oil Immersed Distribution Transformers — Part 1: Mineral Oil Immersed.,IS 10028 (Part 1); IS 10028 (Part 2); IS 10028 (Part 3),https://www.services.bis.gov.in/php/BIS_2.0/trainings/HomeUser/capsule_courses_factsheet
21,IS 374:2019,Fan certification/QCO applicability,BIS product certification,Certification applicability for IS 374:2019 — Electric Ceiling Type Fans and Regulators — Specification.,IS 302 (Part 2/Sec 80):2017,https://www.services.bis.gov.in/tmp/tbl5_2024-11-07_1113.pdf
22,IS 3854:1997,Check current switch QCO,BIS product certification / QCO applicability check,Certification applicability for IS 3854:1997 — Switches for Domestic and Similar Purposes — Specification.,IS 1293; IS 302; relevant IEC switch requirements,https://services.bis.gov.in/tmp/tbl5_2024-12-02-11-05.pdf
23,IS 302 (Part 1):2024,"Safety of Household, Commercial and Similar Electrical Appliances QCO",BIS Scheme-I / QCO,Certification applicability for IS 302 (Part 1):2024 — Safety of Household and Similar Electrical Appliances — Part 1: General Requirements.,IEC 60335-1:2020; IS 302 Part 2 sections,https://www.services.bis.gov.in/tmp/tbl5_2024-11-18-03-08.pdf
24,IS 4250:1980,Check current appliance QCO,BIS product certification / QCO applicability check,Certification applicability for IS 4250:1980 — Domestic Electric Food-Mixers (Liquidizers and Grinders) and Centrifugal Juicers — Specification.,IS 302; IS 302 Part 2,https://www.services.bis.gov.in/tmp/SR4250.pdf
25,IS 996:2009,Check current motor QCO,BIS product certification / QCO applicability check,Certification applicability for IS 996:2009 — Single Phase AC Induction Motors for General Purpose — Specification.,IS 4029; IS/IEC 60034 Part 1,https://www.services.bis.gov.in/php/BIS_2.0/trainings/HomeUser/capsule_courses_factsheet
26,IS 3043:2018,NOT_APPLICABLE,Code of practice,Certification applicability for IS 3043:2018 — Code of Practice for Earthing — Second Revision.,IS 7324; IS 9096; electrical installation standards,https://www.services.bis.gov.in/php/BIS_2.0/bisconnect/standard_review/Standard_review/Isdetails?ID=MjQ4NzA%3D
27,IS 398 (Part 2):1996,Check current conductor QCO,BIS product certification / QCO applicability check,"Certification applicability for IS 398 (Part 2):1996 — Aluminium Conductors for Overhead Transmission Purposes — Part 2: Aluminium Conductors, Galvanized Steel Reinforced.",IS 398 Part 1; IS 398 Part 4; IS 8263,https://services.bis.gov.in/php/BIS_2.0/bisconnect/standard_review/Standard_review/Isdetails?ID=MjU4MDA%3D
28,IS 14220:1994,Check current pump QCO,BIS product certification / QCO applicability check,Certification applicability for IS 14220:1994 — Openwell Submersible Pump Sets — Specification.,IS 8034:2018; IS 9283:2024; IS 11360,https://www.services.bis.gov.in/php/BIS_2.0/trainings/HomeUser/capsule_courses_factsheet
29,IS 8034:2018,Check current pump QCO,BIS product certification / QCO applicability check,Certification applicability for IS 8034:2018 — Submersible Pumpsets — Specification.,IS 14220; IS 9283:2024; IS 10804 Part 2,https://www.services.bis.gov.in/php/BIS_2.0/bisconnect/ISL/is_details?IDS=MTM4Mjk%3D
30,IS 2082:2018,Check current water-heater QCO,BIS product certification / QCO applicability check,Certification applicability for IS 2082:2018 — Stationary Storage Type Electric Water Heaters — Specification.,IS 302 Part 2 Section 21:2024,https://www.services.bis.gov.in/tmp/tbl5_2024-11-13-04-42.pdf
31,IS 2925:1984,Check current helmet QCO,BIS product certification / QCO applicability check,Certification applicability for IS 2925:1984 — Specification for Industrial Safety Helmets — Second Revision.,IS 8940; IS 8520,https://services.bis.gov.in/tmp/compendium_2025-05-28-03-19-26.pdf
32,IS 4151:2015,Helmet for Riders of Two Wheeler Motor Vehicles QCO 2020,BIS Scheme-I / QCO,Certification applicability for IS 4151:2015 — Protective Helmets for Two Wheeler Riders.,IS 2925; helmet testing standards,https://www.bis.gov.in/wp-content/uploads/2020/12/Helmet-for-riders-of-Two-Wheeler-Motor-Vehicles-Quality-Control-Order-2020.pdf
33,IS 15298 (Part 2):2024,Personal Protective Equipment — Footwear QCO,BIS product certification / PPE footwear QCO,Certification applicability for IS 15298 (Part 2):2024 — Personal Protective Equipment — Part 2: Safety Footwear.,IS 15298 Part 1; IS 15298 Part 3; IS 15298 Part 4,https://services.bis.gov.in/tmp/Circular_Ta6b_2025-01-10.pdf
34,IS 6721:2023,Implementation of revised IS 6721:2023; mandatory certification effective 1 July 2023,BIS product certification,Certification applicability for IS 6721:2023 — Sandal and Slippers — Specification.,IS 15844 footwear series; IS 17043 footwear series,https://www.services.bis.gov.in/tmp/tbl5_2025-01-16-06-13.pdf
35,IS 8521 (Part 1):2022,Check current eye/face protection QCO,BIS product certification / PPE compliance standard,Certification applicability for IS 8521 (Part 1):2022 — Eye and Face Protection for Occupational Use — Part 1: General Requirements.,IS 8520:2023; IS 7524 Part 1; IS 7524 Part 2; IS 7524 Part 3,https://services.bis.gov.in/tmp/compendium_2025-05-28-03-19-26.pdf
36,IS 17043 (Part 1):2024,Check current footwear QCO,BIS product certification / QCO applicability check,"Certification applicability for IS 17043 (Part 1):2024 — Shoes — Specification, Part 1: Shoes for Services.",IS 6721:2023; IS 15844,https://www.services.bis.gov.in/tmp/tbl5_2024-11-13-10-56.pdf
37,IS 2553 (Part 1):2018,Safety Glass Quality Control Order,BIS Scheme-I / QCO,"Certification applicability for IS 2553 (Part 1):2018 — Safety Glass — Specification, Part 1: Architectural, Building and General Uses.",IS 1382; IS 2835; IS 4905,https://www.services.bis.gov.in/tmp/tbl5_2024-11-08_1177.pdf
38,IS 9873 (Part 1):2012,Toys Quality Control Order / BIS toy certification,BIS product certification,Certification applicability for IS 9873 (Part 1):2012 — Safety Requirements for Toys — Part 1: Mechanical and Physical Properties.,ISO 8124-1; IS 9873 Part 2; IS 9873 Part 3,https://www.services.bis.gov.in/php/BIS_2.0/bisconnect/standard_review/Standard_review/Isdetails?ID=MjUzNTc%3D
39,IS 15644:2006,Toy safety certification applicability,BIS product certification,Certification applicability for IS 15644:2006 — Safety of Electric Toys.,IS 9873 Part 1; IEC 62115,https://www.services.bis.gov.in/tmp/SR15644.pdf
40,IS 2190:2024,NOT_APPLICABLE,Code of practice,"Certification applicability for IS 2190:2024 — Selection, Installation, and Maintenance of First-Aid Fire Extinguishers — Portable and Mobile — Code of Practice.",IS 4989; IS 7673; extinguisher product standards,https://www.services.bis.gov.in/tmp/CED20221197_21082024_1.pdf
41,IS 2171:2014,Check current fire-extinguisher QCO,BIS product certification / QCO applicability check,Certification applicability for IS 2171:2014 — Portable Fire Extinguishers — Dry Powder Type.,IS 2190:2024; IS 4989,https://www.services.bis.gov.in/php/BIS_2.0/trainings/HomeUser/capsule_courses
42,IS 814:2004,Check current welding-electrode QCO,BIS product certification / QCO applicability check,Certification applicability for IS 814:2004 — Covered Electrodes for Manual Metal Arc Welding of Carbon and Carbon Manganese Steels — Specification.,IS 2062:2011; IS 9595:1996,https://services.bis.gov.in/
43,IS 8737:1995,LPG valve certification applicability,BIS product certification / QCO applicability check,Certification applicability for IS 8737:1995 — Valves for Use with LPG Cylinders — Specification.,IS 3224:2021; LPG cylinder standards,https://www.services.bis.gov.in/php/BIS_2.0/trainings/HomeUser/capsule_courses_factsheet
44,IS 3224:2021,Check current compressed-gas valve certification applicability,BIS product certification / QCO applicability check,Certification applicability for IS 3224:2021 — Valve for Compressed Gas Cylinders Excluding LPG Cylinders — Specification.,IS 4379:2021; IS 3196 Part 3,https://www.services.bis.gov.in/tmp/tbl5_2024-11-11-04-22.pdf
45,IS 4246:2002,Domestic Gas Stoves for LPG certification/QCO,BIS product certification,Certification applicability for IS 4246:2002 — Domestic Gas Stoves for Use with LPG — Specification.,IS 3193; LPG safety standards,https://www.services.bis.gov.in/php/BIS_2.0/trainings/HomeUser/capsule_courses
46,IS 9833:2018,Check applicable food-contact regulations/QCO,Food-contact packaging compliance standard,Certification applicability for IS 9833:2018 — List of Colourants for Use in Plastics in Contact with Foodstuffs and Pharmaceuticals.,IS 10151:2019; IS 9845:1998; IS 10142:1999,https://www.services.bis.gov.in/tmp/WCPCD5224847_13022024_1.pdf
47,IS 9845:1998,NOT_APPLICABLE,Test method / food-contact compliance standard,Certification applicability for IS 9845:1998 — Determination of Overall Migration of Constituents of Plastics Materials and Articles Intended to Come in Contact with Foodstuffs — Method of Analysis.,IS 9833:2018; IS 10151:2019; IS 10146:1982,https://www.services.bis.gov.in/tmp/WCPCD5224847_13022024_1.pdf
48,IS 10142:1999,Check applicable food-contact regulations/QCO,Food-contact packaging compliance standard,"Certification applicability for IS 10142:1999 — Polystyrene (Crystal and High Impact) for Safe Use in Contact with Foodstuffs, Pharmaceuticals and Drinking Water — Specification.",IS 9833:2018; IS 9845:1998; IS 10149,https://www.services.bis.gov.in/tmp/WCPCD5623123_02082023_1.pdf
49,IS 10146:1982,Check applicable food-contact regulations/QCO,Food-contact packaging compliance standard,"Certification applicability for IS 10146:1982 — Polyethylene for Safe Use in Contact with Foodstuffs, Pharmaceuticals and Drinking Water — Specification.",IS 9833:2018; IS 9845:1998; IS 10141,https://www.services.bis.gov.in/php/BIS_2.0/bisconnect/standard_review/Standard_review/Isdetails?ID=OTAxNg%3D%3D
50,IS 10148:2023,Check applicable food-contact regulations/QCO,Food-contact packaging compliance standard,"Certification applicability for IS 10148:2023 — Positive List of Constituents of Polyvinyl Chloride (PVC) and Its Copolymers in Contact with Foodstuffs, Pharmaceuticals and Drinking Water.",IS 10151:2019; IS 9833:2018; IS 9845:1998,https://www.services.bis.gov.in/tmp/WCPCD5224847_13022024_1.pdf
51,IS 10151:2019,Check applicable food-contact regulations/QCO,Food-contact packaging compliance standard,"Certification applicability for IS 10151:2019 — Polyvinyl Chloride (PVC) and Its Copolymers for Safe Use in Contact with Foodstuffs, Pharmaceuticals and Drinking Water — Specification.",IS 10148:2023; IS 9833:2018; IS 9845:1998,https://services.bis.gov.in/php/BIS_2.0/bisconnect/standard_review/Standard_review/Isdetails?ID=OTI4
52,IS 10171:1999,NOT_APPLICABLE,Guide / food-contact packaging compliance,Certification applicability for IS 10171:1999 — Guide on Suitability of Plastics for Food Packaging.,IS 9833:2018; IS 9845:1998; IS 10151:2019,https://services.bis.gov.in/php/BIS_2.0/bisconnect/standard_review/Standard_review/Isdetails?ID=MjY1Ng%3D%3D
53,IS 10910:1984,Check applicable food-contact regulations/QCO,Food-contact packaging compliance standard,"Certification applicability for IS 10910:1984 — Polypropylene and Its Copolymers for Safe Use in Contact with Foodstuffs, Pharmaceuticals and Drinking Water — Specification.",IS 9833:2018; IS 9845:1998; IS 10909,https://www.services.bis.gov.in/tmp/WCPCD5623123_02082023_1.pdf
54,IS 12252:2017,Check applicable food-contact regulations/QCO,Food-contact packaging compliance standard,"Certification applicability for IS 12252:2017 — Polyalkylene Terephthalates (PET and PBT), Their Copolymers and Constituents for Safe Use in Contact with Foodstuffs and Pharmaceuticals — Specification.",IS 9833:2018; IS 9845:1998; IS 10171:1999,https://www.services.bis.gov.in/tmp/WCPCD5623123_02082023_1.pdf
55,IS 14625:2015,Check current feeding-bottle QCO,BIS product certification / QCO applicability check,Certification applicability for IS 14625:2015 — Plastics Feeding Bottles — Specification.,IS 9833:2018; IS 9845:1998; IS 10151:2019,https://www.services.bis.gov.in/tmp/Circular_qNxv_2023-06-09.pdf
56,IS 15410:2025,Packaged drinking water/container certification applicability,BIS product certification,Certification applicability for IS 15410:2025 — Plastic Bottles/Containers for Packaging of Natural Mineral Water and Packaged Drinking Water — Specification.,IS 14543:2024; IS 13428; IS 9845,https://www.services.bis.gov.in/tmp/Circular_862i_2025-09-04.pdf
57,IS 15532:2004,Check current plastics-crate QCO,BIS product certification / QCO applicability check,Certification applicability for IS 15532:2004 — Plastics Crates for Fruits and Vegetables — Specification.,IS 10951:2020; IS 9833:2018; IS 10171:1999,https://www.services.bis.gov.in/tmp/tbl5_2024-11-14-11-26.pdf
58,IS 11652:2017,HDPE/PP Woven Sacks for Packaging of 50 kg Cement QCO,BIS Scheme-I / QCO,Certification applicability for IS 11652:2017 — HDPE/PP Woven Sacks for Packaging of 50 kg Cement — Specification.,IS 16709:2017; IS 9755:2016,https://www.services.bis.gov.in/php/BIS_2.0/trainings/HomeUser/capsule_courses_factsheet
59,IS 16709:2017,PP Woven Laminated Block Bottom Valve Sacks for 50 kg Cement QCO,BIS Scheme-I / QCO,"Certification applicability for IS 16709:2017 — PP Woven, Laminated, Block Bottom Valve Sacks for Packaging of 50 kg Cement — Specification.",IS 11652:2017; IS 9755:2016,https://www.services.bis.gov.in/php/BIS_2.0/trainings/HomeUser/capsule_courses_factsheet
60,IS 13997:2014,"Drums and Tins (Quality Control) Order, 2023",BIS Scheme-I / QCO,"Certification applicability for IS 13997:2014 — Drums, Large Open Top — Specification.",IS 1783 Part 1; IS 1783 Part 2; IS 2552; IS 916; IS 10325,https://www.bis.gov.in/product-certification/products-under-compulsory-certification/scheme-i-mark-scheme/?lang=en
