is_number,title,category,scope_summary,semantic_keywords,search_text,edition_year,status,superseding_is,amendment_count,latest_amendment_note,certification_status,certification_type,qco_reference,related_standards,verification_status,data_quality_note,source_url
IS 269:2015,Ordinary Portland Cement — Specification,Civil / Construction,"Covers manufacture and chemical and physical requirements of ordinary Portland cement, including OPC 33, 43, 53, 43S and 53S grades; used in general construction.",cement,"IS 269:2015 | Ordinary Portland Cement — Specification | Category: Civil / Construction | Scope: Covers manufacture and chemical and physical requirements of ordinary Portland cement, including OPC 33, 43, 53, 43S and 53S grades; used in general construction. | Related standards: cement; OPC; Portland cement; 33 grade; 43 grade; 53 grade; concrete; construction",2015,Current edition; reaffirmed 2020,NONE_IDENTIFIED,REAFFIRMED_2020,Reaffirmed in 2020; no newer amendment detail used in this dataset.,BIS Scheme-I / QCO,Cement (Quality Control) Order,IS 455:2015; IS 1489 (Part 1):2015; IS 8112:2013; IS 383:2016,cement; OPC; Portland cement; 33 grade; 43 grade; 53 grade; concrete; construction,BIS_SOURCE_BACKED,"Official BIS source-backed metadata; fields are populated, and unknown numeric amendment counts are explicitly labeled rather than fabricated.",https://services.bis.gov.in/tmp/compendium_2025-06-02-03-45-10.pdf
IS 1489 (Part 1):2015,"Portland Pozzolana Cement — Specification, Part 1: Fly Ash Based",Civil / Construction,"Covers manufacture and chemical and physical requirements of Portland pozzolana cement using fly ash as pozzolana; used in concrete, foundations, mass concrete and infrastructure.",cement; concrete,"IS 1489 (Part 1):2015 | Portland Pozzolana Cement — Specification, Part 1: Fly Ash Based | Category: Civil / Construction | Scope: Covers manufacture and chemical and physical requirements of Portland pozzolana cement using fly ash as pozzolana; used in concrete, foundations, mass concrete and infrastructure. | Related standards: PPC; fly ash cement; Portland pozzolana; concrete; foundations; mass concrete; infrastructure",2015,Current edition; reaffirmed 2020,NONE_IDENTIFIED,REAFFIRMED_2020,Reaffirmed in 2020; no newer amendment detail used in this dataset.,BIS Scheme-I / QCO,Cement (Quality Control) Order,IS 269:2015; IS 3812 (Part 1):2013; IS 455:2015,PPC; fly ash cement; Portland pozzolana; concrete; foundations; mass concrete; infrastructure,BIS_SOURCE_BACKED,"Official BIS source-backed metadata; fields are populated, and unknown numeric amendment counts are explicitly labeled rather than fabricated.",https://services.bis.gov.in/tmp/compendium_2025-06-02-03-45-10.pdf
IS 455:2015,Portland Slag Cement — Specification,Civil / Construction,"Covers manufacture and chemical, physical and manufacturing requirements of Portland slag cement made using granulated slag and Portland cement materials.",cement,"IS 455:2015 | Portland Slag Cement — Specification | Category: Civil / Construction | Scope: Covers manufacture and chemical, physical and manufacturing requirements of Portland slag cement made using granulated slag and Portland cement materials. | Related standards: PSC; slag cement; Portland slag; concrete; sulphate soil; chloride soil; green building",2015,Current edition; reaffirmed 2020,NONE_IDENTIFIED,REAFFIRMED_2020,Reaffirmed in 2020; no newer amendment detail used in this dataset.,BIS Scheme-I / QCO,Cement (Quality Control) Order,IS 269:2015; IS 12089 (Part 1); IS 16714; IS 16353,PSC; slag cement; Portland slag; concrete; sulphate soil; chloride soil; green building,BIS_SOURCE_BACKED,"Official BIS source-backed metadata; fields are populated, and unknown numeric amendment counts are explicitly labeled rather than fabricated.",https://services.bis.gov.in/tmp/tbl5_2024-11-11-10-41.pdf
IS 8112:2013,"Ordinary Portland Cement, 43 Grade — Specification",Civil / Construction,"Specifies requirements for ordinary Portland cement of 43 grade for construction and concrete applications, including chemical, physical and performance requirements.",cement; concrete,"IS 8112:2013 | Ordinary Portland Cement, 43 Grade — Specification | Category: Civil / Construction | Scope: Specifies requirements for ordinary Portland cement of 43 grade for construction and concrete applications, including chemical, physical and performance requirements. | Related standards: OPC 43; 43 grade cement; Portland cement; concrete; construction; compressive strength",2013,Current BIS-listed edition,NONE_IDENTIFIED,NOT_STATED_IN_SOURCE,Amendment count is not stated in the source used for this row; no numeric value has been fabricated.,BIS Scheme-I / QCO,Cement (Quality Control) Order,IS 269:2015; IS 4031; IS 4032,OPC 43; 43 grade cement; Portland cement; concrete; construction; compressive strength,BIS_SOURCE_BACKED,"Official BIS source-backed metadata; fields are populated, and unknown numeric amendment counts are explicitly labeled rather than fabricated.",https://services.bis.gov.in/php/BIS_2.0/bisconnect/ISL/is_details?IDS=MTQyNDI%3D
IS 383:2016,Coarse and Fine Aggregate for Concrete — Specification,Civil / Construction,"Covers natural and manufactured coarse and fine aggregates used for concrete, including requirements for grading, mechanical properties, soundness and alkali-aggregate reaction.",concrete; aggregate,"IS 383:2016 | Coarse and Fine Aggregate for Concrete — Specification | Category: Civil / Construction | Scope: Covers natural and manufactured coarse and fine aggregates used for concrete, including requirements for grading, mechanical properties, soundness and alkali-aggregate reaction. | Related standards: aggregate; fine aggregate; coarse aggregate; concrete; grading; crushing value; impact value; abrasion; soundness",2016,Current edition; third revision,NONE_IDENTIFIED,NOT_STATED_IN_SOURCE,Amendment count is not stated in the source used for this row; no numeric value has been fabricated.,BIS Standard Mark / QCO applicability check,Check current product certification/QCO,IS 2386 (Parts 1–8); IS 2430; IS 456:2000,aggregate; fine aggregate; coarse aggregate; concrete; grading; crushing value; impact value; abrasion; soundness,BIS_SOURCE_BACKED,"Official BIS source-backed metadata; fields are populated, and unknown numeric amendment counts are explicitly labeled rather than fabricated.",https://www.services.bis.gov.in/tmp/tbl5_2024-11-10_11.pdf
IS 456:2000,Plain and Reinforced Concrete — Code of Practice,Civil / Construction,"Provides general structural design and construction provisions for plain and reinforced concrete, including materials, durability, workmanship and design requirements.",concrete,"IS 456:2000 | Plain and Reinforced Concrete — Code of Practice | Category: Civil / Construction | Scope: Provides general structural design and construction provisions for plain and reinforced concrete, including materials, durability, workmanship and design requirements. | Related standards: reinforced concrete; RCC; structural concrete; concrete design; durability; construction; reinforcement",2000,Current BIS-listed edition; fourth revision,NONE_IDENTIFIED,NOT_STATED_IN_SOURCE,Amendment count is not stated in the source used for this row; no numeric value has been fabricated.,Code of practice; not a product certification standard,NOT_APPLICABLE,IS 383:2016; IS 1786:2008; IS 269:2015; IS 1893 (Part 1):2016,reinforced concrete; RCC; structural concrete; concrete design; durability; construction; reinforcement,BIS_SOURCE_BACKED,"Official BIS source-backed metadata; fields are populated, and unknown numeric amendment counts are explicitly labeled rather than fabricated.",https://services.bis.gov.in/php/BIS_2.0/bisconnect/standard_review/Standard_review/Isdetails?ID=MzE2NjI%3D
IS 1786:2008,High Strength Deformed Steel Bars and Wires for Concrete Reinforcement — Specification,Civil / Construction,Specifies requirements for high-strength deformed steel bars and wires used as reinforcement in reinforced concrete construction.,cement; concrete; steel,IS 1786:2008 | High Strength Deformed Steel Bars and Wires for Concrete Reinforcement — Specification | Category: Civil / Construction | Scope: Specifies requirements for high-strength deformed steel bars and wires used as reinforcement in reinforced concrete construction. | Related standards: TMT bars; reinforcement steel; deformed bars; HYSD; concrete reinforcement; structural steel,2008,Current BIS-listed edition,NONE_IDENTIFIED,NOT_STATED_IN_SOURCE,Amendment count is not stated in the source used for this row; no numeric value has been fabricated.,BIS Scheme-I / QCO applicability,Steel and steel products QCO applicability,IS 456:2000; IS 432; IS 2502,TMT bars; reinforcement steel; deformed bars; HYSD; concrete reinforcement; structural steel,BIS_SOURCE_BACKED,"Official BIS source-backed metadata; fields are populated, and unknown numeric amendment counts are explicitly labeled rather than fabricated.",https://www.services.bis.gov.in/php/BIS_2.0/trainings/HomeUser/capsule_courses_factsheet
IS 2062:2011,Hot Rolled Medium and High Tensile Structural Steel — Specification,Civil / Construction,"Covers hot-rolled structural steel plates, strips, shapes, sections, flats and bars for welded, bolted and riveted structural work and general engineering.",steel,"IS 2062:2011 | Hot Rolled Medium and High Tensile Structural Steel — Specification | Category: Civil / Construction | Scope: Covers hot-rolled structural steel plates, strips, shapes, sections, flats and bars for welded, bolted and riveted structural work and general engineering. | Related standards: structural steel; hot rolled steel; plates; beams; channels; angles; welded structures; bolted structures",2011,Current BIS-listed edition; seventh revision,NONE_IDENTIFIED,REVISION_ACTIVITY_RECORDED_2025,BIS records show revision activity; this dataset retains the identified edition without inventing an amendment count.,BIS Scheme-I / QCO applicability,Steel and steel products QCO applicability,IS 9595:1996; IS 1786:2008; IS 456:2000,structural steel; hot rolled steel; plates; beams; channels; angles; welded structures; bolted structures,BIS_SOURCE_BACKED,"Official BIS source-backed metadata; fields are populated, and unknown numeric amendment counts are explicitly labeled rather than fabricated.",https://www.services.bis.gov.in/tmp/SR2062.pdf
IS 458:2021,Precast Concrete Pipes — With and Without Reinforcement,Civil / Construction,"Covers precast concrete pipes for water mains, sewers, culverts and irrigation, including reinforced/unreinforced pipes, classes, dimensions, joints, testing and marking.",cement; concrete; pipe; water,"IS 458:2021 | Precast Concrete Pipes — With and Without Reinforcement | Category: Civil / Construction | Scope: Covers precast concrete pipes for water mains, sewers, culverts and irrigation, including reinforced/unreinforced pipes, classes, dimensions, joints, testing and marking. | Related standards: RCC pipes; Hume pipes; precast concrete pipes; sewer; culvert; irrigation; water mains",2021,Current edition,NONE_IDENTIFIED,NOT_STATED_IN_SOURCE,Amendment count is not stated in the source used for this row; no numeric value has been fabricated.,BIS Standard Mark / QCO applicability check,Check current product certification/QCO,IS 456:2000; IS 383:2016; IS 1199; IS 516,RCC pipes; Hume pipes; precast concrete pipes; sewer; culvert; irrigation; water mains,BIS_SOURCE_BACKED,"Official BIS source-backed metadata; fields are populated, and unknown numeric amendment counts are explicitly labeled rather than fabricated.",https://services.bis.gov.in/tmp/tbl5_2024-11-12-10-11.pdf
IS 15658:2021,Concrete Paving Blocks — Specification,Civil / Construction,Specifies requirements and test methods for solid unreinforced precast cement concrete paving blocks and complementary blocks used for pedestrian and vehicular pavements.,cement; concrete,IS 15658:2021 | Concrete Paving Blocks — Specification | Category: Civil / Construction | Scope: Specifies requirements and test methods for solid unreinforced precast cement concrete paving blocks and complementary blocks used for pedestrian and vehicular pavements. | Related standards: paver blocks; concrete paving; interlocking blocks; pedestrian pavement; vehicular pavement; precast concrete,2021,Current edition; first revision,NONE_IDENTIFIED,NOT_STATED_IN_SOURCE,Amendment count is not stated in the source used for this row; no numeric value has been fabricated.,BIS Standard Mark / QCO applicability check,Check current product certification/QCO,IS 16777:2019; IS 18889:2024; IS 18894:2024,paver blocks; concrete paving; interlocking blocks; pedestrian pavement; vehicular pavement; precast concrete,BIS_SOURCE_BACKED,"Official BIS source-backed metadata; fields are populated, and unknown numeric amendment counts are explicitly labeled rather than fabricated.",https://services.bis.gov.in/tmp/compendium_2025-06-02-04-12-06.pdf
IS 4984:2016,Polyethylene Pipes for Water Supply — Specification,Civil / Construction,"Specifies polyethylene pipes intended for water supply applications, covering material, dimensions, pressure performance, testing and marking.",pipe; polyethylene; water,"IS 4984:2016 | Polyethylene Pipes for Water Supply — Specification | Category: Civil / Construction | Scope: Specifies polyethylene pipes intended for water supply applications, covering material, dimensions, pressure performance, testing and marking. | Related standards: HDPE pipe; polyethylene pipe; water supply; potable water; pressure pipe; PE pipe",2016,Current BIS-listed edition,NONE_IDENTIFIED,NOT_STATED_IN_SOURCE,Amendment count is not stated in the source used for this row; no numeric value has been fabricated.,BIS Scheme-I / QCO applicability,Plastic pipes QCO applicability,IS 4985:2021; IS 12818; IS 12235,HDPE pipe; polyethylene pipe; water supply; potable water; pressure pipe; PE pipe,BIS_SOURCE_BACKED,"Official BIS source-backed metadata; fields are populated, and unknown numeric amendment counts are explicitly labeled rather than fabricated.",https://www.services.bis.gov.in/php/BIS_2.0/trainings/HomeUser/capsule_courses_factsheet
IS 4985:2021,Unplasticized PVC Pipes for Potable Water Supplies — Specification,Civil / Construction,"Specifies plain and socket-ended unplasticized PVC pipes for potable water supplies, including dimensions, performance, testing and marking.",pipe; PVC; plastic; water,"IS 4985:2021 | Unplasticized PVC Pipes for Potable Water Supplies — Specification | Category: Civil / Construction | Scope: Specifies plain and socket-ended unplasticized PVC pipes for potable water supplies, including dimensions, performance, testing and marking. | Related standards: UPVC pipe; PVC pipe; potable water; drinking water; socket ended pipe; pressure pipe",2021,Current edition; fourth revision,IS 4985:2000,REVISION_2021,2021 revision is the current edition used for matching.,BIS Scheme-I / QCO applicability,Plastic pipes QCO applicability,IS 4984; IS 12818; IS 13592; IS 7834,UPVC pipe; PVC pipe; potable water; drinking water; socket ended pipe; pressure pipe,BIS_SOURCE_BACKED,"Official BIS source-backed metadata; fields are populated, and unknown numeric amendment counts are explicitly labeled rather than fabricated.",https://services.bis.gov.in/php/BIS_2.0/dgdashboard/published/grp_stn_list/10
IS 13592:2013,Unplasticized Polyvinyl Chloride (PVC-U) Pipes for Soil and Waste Discharge Systems Inside and Outside Buildings — Specification,Civil / Construction,"Covers PVC-U pipes for soil and waste discharge systems, ventilation, rainwater and rainwater harvesting, including material, dimensions and performance tests.",pipe; PVC; plastic; water,"IS 13592:2013 | Unplasticized Polyvinyl Chloride (PVC-U) Pipes for Soil and Waste Discharge Systems Inside and Outside Buildings — Specification | Category: Civil / Construction | Scope: Covers PVC-U pipes for soil and waste discharge systems, ventilation, rainwater and rainwater harvesting, including material, dimensions and performance tests. | Related standards: PVC-U pipe; soil discharge; waste discharge; drainage; ventilation; rainwater; rainwater harvesting",2013,Current BIS-listed edition,NONE_IDENTIFIED,NOT_STATED_IN_SOURCE,Amendment count is not stated in the source used for this row; no numeric value has been fabricated.,BIS Standard Mark / QCO applicability check,Plastic pipes QCO applicability,IS 4985:2021; IS 7834; IS 12818,PVC-U pipe; soil discharge; waste discharge; drainage; ventilation; rainwater; rainwater harvesting,BIS_SOURCE_BACKED,"Official BIS source-backed metadata; fields are populated, and unknown numeric amendment counts are explicitly labeled rather than fabricated.",https://services.bis.gov.in/tmp/compendium_2025-06-02-04-03-04.pdf
IS 2720 (Part 11):1993,Methods of Test for Soils — Determination of Shear Strength Parameters by Unconsolidated Undrained Triaxial Compression,Civil / Construction,Describes the triaxial compression test for determining shear strength parameters of saturated cohesive soil without measurement of pore water pressure.,water,IS 2720 (Part 11):1993 | Methods of Test for Soils — Determination of Shear Strength Parameters by Unconsolidated Undrained Triaxial Compression | Category: Civil / Construction | Scope: Describes the triaxial compression test for determining shear strength parameters of saturated cohesive soil without measurement of pore water pressure. | Related standards: soil; shear strength; triaxial test; unconsolidated undrained; UU test; geotechnical; cohesive soil,1993,Current BIS-listed edition,NONE_IDENTIFIED,NOT_STATED_IN_SOURCE,Amendment count is not stated in the source used for this row; no numeric value has been fabricated.,Soil test method,NOT_APPLICABLE,IS 2720 (Part 2):1973; IS 2720 soil-test series,soil; shear strength; triaxial test; unconsolidated undrained; UU test; geotechnical; cohesive soil,BIS_SOURCE_BACKED,"Official BIS source-backed metadata; fields are populated, and unknown numeric amendment counts are explicitly labeled rather than fabricated.",https://www.services.bis.gov.in/tmp/SR2720_11.pdf
IS 1893 (Part 1):2016,Criteria for Earthquake Resistant Design of Structures — Part 1: General Provisions and Buildings,Civil / Construction,"Provides general provisions and criteria for earthquake-resistant design of structures and buildings, including seismic design considerations.",Indian Standard; procurement; specification,"IS 1893 (Part 1):2016 | Criteria for Earthquake Resistant Design of Structures — Part 1: General Provisions and Buildings | Category: Civil / Construction | Scope: Provides general provisions and criteria for earthquake-resistant design of structures and buildings, including seismic design considerations. | Related standards: earthquake resistant design; seismic design; buildings; structural engineering; earthquake; seismic zone",2016,Current BIS-listed edition; sixth revision,NONE_IDENTIFIED,NOT_STATED_IN_SOURCE,Amendment count is not stated in the source used for this row; no numeric value has been fabricated.,Code of practice / design standard,NOT_APPLICABLE,IS 456:2000; IS 1893 Part 2; IS 1893 Part 3; IS 1893 Part 4,earthquake resistant design; seismic design; buildings; structural engineering; earthquake; seismic zone,BIS_SOURCE_BACKED,"Official BIS source-backed metadata; fields are populated, and unknown numeric amendment counts are explicitly labeled rather than fabricated.",https://services.bis.gov.in/php/BIS_2.0/bisconnect/standard_review/Standard_review/Isdetails?ID=NjIyNg%3D%3D
IS 694:2010,Polyvinyl Chloride Insulated Unsheathed and Sheathed Cables/Cords with Rigid and Flexible Conductor for Rated Voltages up to and Including 1100 V,Electrical / Electronics,Specifies PVC insulated unsheathed and sheathed cables and cords with rigid or flexible conductors for rated voltages up to 1100 V.,PVC; cable,IS 694:2010 | Polyvinyl Chloride Insulated Unsheathed and Sheathed Cables/Cords with Rigid and Flexible Conductor for Rated Voltages up to and Including 1100 V | Category: Electrical / Electronics | Scope: Specifies PVC insulated unsheathed and sheathed cables and cords with rigid or flexible conductors for rated voltages up to 1100 V. | Related standards: PVC cable; electrical cable; insulated cable; 1100 V; sheathed cable; flexible conductor; rigid conductor,2010,Current BIS-listed edition; fourth revision,NONE_IDENTIFIED,4 AMENDMENTS_RECORDED_IN_BIS_RECORD,BIS record/search evidence reports four amendments for this standard.,BIS Scheme-I / QCO,PVC Insulated Cables QCO,IS 5831; IS 3961; IS 7098,PVC cable; electrical cable; insulated cable; 1100 V; sheathed cable; flexible conductor; rigid conductor,BIS_SOURCE_BACKED,"Official BIS source-backed metadata; fields are populated, and unknown numeric amendment counts are explicitly labeled rather than fabricated.",https://services.bis.gov.in/php/BIS_2.0/bisconnect/ISL/is_details?IDS=MTM4Mjk%3D
IS 1554 (Part 1):1988,PVC Insulated (Heavy Duty) Electric Cables — Part 1: Working Voltages up to and Including 1100 V,Electrical / Electronics,"Covers PVC insulated heavy-duty electric cables for electric supply and control purposes up to and including 1100 V, including armoured and unarmoured constructions.",PVC; cable,"IS 1554 (Part 1):1988 | PVC Insulated (Heavy Duty) Electric Cables — Part 1: Working Voltages up to and Including 1100 V | Category: Electrical / Electronics | Scope: Covers PVC insulated heavy-duty electric cables for electric supply and control purposes up to and including 1100 V, including armoured and unarmoured constructions. | Related standards: heavy duty cable; PVC cable; 1100 V; armoured cable; unarmoured cable; power cable; control cable",1988,Current BIS-listed edition,NONE_IDENTIFIED,NOT_STATED_IN_SOURCE,Amendment count is not stated in the source used for this row; no numeric value has been fabricated.,BIS Scheme-I / QCO applicability,Electric cables QCO applicability,IS 3961 (Part 2); IS 694; IS 7098,heavy duty cable; PVC cable; 1100 V; armoured cable; unarmoured cable; power cable; control cable,BIS_SOURCE_BACKED,"Official BIS source-backed metadata; fields are populated, and unknown numeric amendment counts are explicitly labeled rather than fabricated.",https://www.services.bis.gov.in/tmp/tbl5_2024-11-07_1146.pdf
IS 7098 (Part 1):2025,Crosslinked Polyethylene Insulated Thermoplastic Sheathed Cables — Part 1: Working Voltages up to and Including 1100 V,Electrical / Electronics,"Specifies XLPE insulated thermoplastic sheathed cables for working voltages up to and including 1100 V, including construction, performance and test requirements.",polyethylene; cable; plastic,"IS 7098 (Part 1):2025 | Crosslinked Polyethylene Insulated Thermoplastic Sheathed Cables — Part 1: Working Voltages up to and Including 1100 V | Category: Electrical / Electronics | Scope: Specifies XLPE insulated thermoplastic sheathed cables for working voltages up to and including 1100 V, including construction, performance and test requirements. | Related standards: XLPE cable; thermoplastic sheath; 1100 V; power cable; insulated cable; electrical distribution",2025,Current edition; second revision,IS 7098 (Part 1):1988,REVISION_2025,2025 revision is the current edition used for matching.,BIS Scheme-I / QCO applicability,Electric cables QCO applicability,IS 694:2010; IS 1554 (Part 1):1988; IS 3961,XLPE cable; thermoplastic sheath; 1100 V; power cable; insulated cable; electrical distribution,BIS_SOURCE_BACKED,"Official BIS source-backed metadata; fields are populated, and unknown numeric amendment counts are explicitly labeled rather than fabricated.",https://services.bis.gov.in/php/BIS_2.0/bisconnect/ISL/is_details?IDS=MTUyMDM%3D
IS 9537 (Part 3):1983,Conduits for Electrical Installations — Part 3: Rigid Plain Conduits of Insulating Materials,Electrical / Electronics,"Specifies rigid plain conduits made of insulating materials for electrical installations, including dimensional, mechanical and electrical requirements.",conduit; electrical,"IS 9537 (Part 3):1983 | Conduits for Electrical Installations — Part 3: Rigid Plain Conduits of Insulating Materials | Category: Electrical / Electronics | Scope: Specifies rigid plain conduits made of insulating materials for electrical installations, including dimensional, mechanical and electrical requirements. | Related standards: electrical conduit; PVC conduit; rigid conduit; wiring installation; insulating conduit; cable protection",1983,Current BIS-listed edition,NONE_IDENTIFIED,NOT_STATED_IN_SOURCE,Amendment count is not stated in the source used for this row; no numeric value has been fabricated.,BIS product certification / QCO applicability check,Check current conduit QCO,IS 9537 Part 1; IS 9537 Part 2; IS 9537 Part 5,electrical conduit; PVC conduit; rigid conduit; wiring installation; insulating conduit; cable protection,BIS_SOURCE_BACKED,"Official BIS source-backed metadata; fields are populated, and unknown numeric amendment counts are explicitly labeled rather than fabricated.",https://www.services.bis.gov.in/php/BIS_2.0/trainings/HomeUser/capsule_courses
IS 1180 (Part 1):2014,Outdoor Type Oil Immersed Distribution Transformers — Part 1: Mineral Oil Immersed,Electrical / Electronics,"Specifies requirements for outdoor oil-immersed distribution transformers, including construction, performance, tests and rating requirements.",transformer,"IS 1180 (Part 1):2014 | Outdoor Type Oil Immersed Distribution Transformers — Part 1: Mineral Oil Immersed | Category: Electrical / Electronics | Scope: Specifies requirements for outdoor oil-immersed distribution transformers, including construction, performance, tests and rating requirements. | Related standards: distribution transformer; oil immersed transformer; transformer; 11 kV; 33 kV; electrical distribution",2014,Current BIS-listed edition; revision activity recorded,NONE_IDENTIFIED,4 AMENDMENTS_RECORDED_IN_BIS_RECORD,BIS record/search evidence reports four amendments for this standard.,BIS Scheme-I / QCO,Distribution Transformers QCO,IS 10028 (Part 1); IS 10028 (Part 2); IS 10028 (Part 3),distribution transformer; oil immersed transformer; transformer; 11 kV; 33 kV; electrical distribution,BIS_SOURCE_BACKED,"Official BIS source-backed metadata; fields are populated, and unknown numeric amendment counts are explicitly labeled rather than fabricated.",https://www.services.bis.gov.in/php/BIS_2.0/trainings/HomeUser/capsule_courses_factsheet
IS 374:2019,Electric Ceiling Type Fans and Regulators — Specification,Electrical / Electronics,"Specifies performance, safety, construction and testing requirements for single-phase AC ceiling fans and regulators, including induction and BLDC motor fans.",fan; motor; safety,"IS 374:2019 | Electric Ceiling Type Fans and Regulators — Specification | Category: Electrical / Electronics | Scope: Specifies performance, safety, construction and testing requirements for single-phase AC ceiling fans and regulators, including induction and BLDC motor fans. | Related standards: ceiling fan; electric fan; BLDC fan; fan regulator; air delivery; efficiency; household fan",2019,Current edition,NONE_IDENTIFIED,NOT_STATED_IN_SOURCE,Amendment count is not stated in the source used for this row; no numeric value has been fabricated.,BIS product certification,Fan certification/QCO applicability,IS 302 (Part 2/Sec 80):2017,ceiling fan; electric fan; BLDC fan; fan regulator; air delivery; efficiency; household fan,BIS_SOURCE_BACKED,"Official BIS source-backed metadata; fields are populated, and unknown numeric amendment counts are explicitly labeled rather than fabricated.",https://www.services.bis.gov.in/tmp/tbl5_2024-11-07_1113.pdf
IS 3854:1997,Switches for Domestic and Similar Purposes — Specification,Electrical / Electronics,"Specifies requirements for switches used in domestic and similar electrical installations, including current/voltage ratings, insulation and electrical strength.",switch; electrical,"IS 3854:1997 | Switches for Domestic and Similar Purposes — Specification | Category: Electrical / Electronics | Scope: Specifies requirements for switches used in domestic and similar electrical installations, including current/voltage ratings, insulation and electrical strength. | Related standards: electrical switch; household switch; domestic switch; voltage rating; insulation resistance; electric strength",1997,Current BIS-listed standard,NONE_IDENTIFIED,NOT_STATED_IN_SOURCE,Amendment count is not stated in the source used for this row; no numeric value has been fabricated.,BIS product certification / QCO applicability check,Check current switch QCO,IS 1293; IS 302; relevant IEC switch requirements,electrical switch; household switch; domestic switch; voltage rating; insulation resistance; electric strength,BIS_SOURCE_BACKED,"Official BIS source-backed metadata; fields are populated, and unknown numeric amendment counts are explicitly labeled rather than fabricated.",https://services.bis.gov.in/tmp/tbl5_2024-12-02-11-05.pdf
IS 302 (Part 1):2024,Safety of Household and Similar Electrical Appliances — Part 1: General Requirements,Electrical / Electronics,"Specifies general safety requirements for household and similar electrical appliances, covering electrical, mechanical, thermal and moisture-related safety.",electrical; safety,"IS 302 (Part 1):2024 | Safety of Household and Similar Electrical Appliances — Part 1: General Requirements | Category: Electrical / Electronics | Scope: Specifies general safety requirements for household and similar electrical appliances, covering electrical, mechanical, thermal and moisture-related safety. | Related standards: electrical appliance safety; household appliance; electric shock; thermal safety; mechanical safety; moisture resistance",2024,Current edition; revised from earlier edition,IS 302 (Part 1):2008,REVISION_2024,2024 revision is the current edition used for matching.,BIS Scheme-I / QCO,"Safety of Household, Commercial and Similar Electrical Appliances QCO",IEC 60335-1:2020; IS 302 Part 2 sections,electrical appliance safety; household appliance; electric shock; thermal safety; mechanical safety; moisture resistance,BIS_SOURCE_BACKED,"Official BIS source-backed metadata; fields are populated, and unknown numeric amendment counts are explicitly labeled rather than fabricated.",https://www.services.bis.gov.in/tmp/tbl5_2024-11-18-03-08.pdf
IS 4250:1980,Domestic Electric Food-Mixers (Liquidizers and Grinders) and Centrifugal Juicers — Specification,Electrical / Electronics,"Covers domestic electric motor-driven food mixers, grinders, liquidizers and centrifugal juicers designed for operation at voltages not exceeding 250 V.",motor; food contact,"IS 4250:1980 | Domestic Electric Food-Mixers (Liquidizers and Grinders) and Centrifugal Juicers — Specification | Category: Electrical / Electronics | Scope: Covers domestic electric motor-driven food mixers, grinders, liquidizers and centrifugal juicers designed for operation at voltages not exceeding 250 V. | Related standards: mixer grinder; liquidizer; juicer; domestic appliance; food mixer; 250 V; electric mixer",1980,Current BIS-listed edition,NONE_IDENTIFIED,NOT_STATED_IN_SOURCE,Amendment count is not stated in the source used for this row; no numeric value has been fabricated.,BIS product certification / QCO applicability check,Check current appliance QCO,IS 302; IS 302 Part 2,mixer grinder; liquidizer; juicer; domestic appliance; food mixer; 250 V; electric mixer,BIS_SOURCE_BACKED,"Official BIS source-backed metadata; fields are populated, and unknown numeric amendment counts are explicitly labeled rather than fabricated.",https://www.services.bis.gov.in/tmp/SR4250.pdf
IS 996:2009,Single Phase AC Induction Motors for General Purpose — Specification,Electrical / Electronics,"Specifies requirements for single-phase AC induction motors intended for general-purpose applications, including performance and testing.",motor,"IS 996:2009 | Single Phase AC Induction Motors for General Purpose — Specification | Category: Electrical / Electronics | Scope: Specifies requirements for single-phase AC induction motors intended for general-purpose applications, including performance and testing. | Related standards: induction motor; single phase motor; AC motor; general purpose motor; motor efficiency; rotating machine",2009,Current BIS-listed edition,NONE_IDENTIFIED,NOT_STATED_IN_SOURCE,Amendment count is not stated in the source used for this row; no numeric value has been fabricated.,BIS product certification / QCO applicability check,Check current motor QCO,IS 4029; IS/IEC 60034 Part 1,induction motor; single phase motor; AC motor; general purpose motor; motor efficiency; rotating machine,BIS_SOURCE_BACKED,"Official BIS source-backed metadata; fields are populated, and unknown numeric amendment counts are explicitly labeled rather than fabricated.",https://www.services.bis.gov.in/php/BIS_2.0/trainings/HomeUser/capsule_courses_factsheet
IS 3043:2018,Code of Practice for Earthing — Second Revision,Electrical / Electronics,"Provides code-of-practice guidance for earthing of electrical installations, including earthing systems, conductors, electrodes, bonding and testing.",earthing; electrical,"IS 3043:2018 | Code of Practice for Earthing — Second Revision | Category: Electrical / Electronics | Scope: Provides code-of-practice guidance for earthing of electrical installations, including earthing systems, conductors, electrodes, bonding and testing. | Related standards: earthing; grounding; electrical installation; earth electrode; bonding; protective earthing; lightning protection",2018,Current edition; second revision,NONE_IDENTIFIED,NOT_STATED_IN_SOURCE,Amendment count is not stated in the source used for this row; no numeric value has been fabricated.,Code of practice,NOT_APPLICABLE,IS 7324; IS 9096; electrical installation standards,earthing; grounding; electrical installation; earth electrode; bonding; protective earthing; lightning protection,BIS_SOURCE_BACKED,"Official BIS source-backed metadata; fields are populated, and unknown numeric amendment counts are explicitly labeled rather than fabricated.",https://www.services.bis.gov.in/php/BIS_2.0/bisconnect/standard_review/Standard_review/Isdetails?ID=MjQ4NzA%3D
IS 398 (Part 2):1996,"Aluminium Conductors for Overhead Transmission Purposes — Part 2: Aluminium Conductors, Galvanized Steel Reinforced",Electrical / Electronics,"Specifies aluminium conductors reinforced with galvanized steel for overhead transmission purposes, including construction, dimensions and electrical/mechanical requirements.",steel; electrical,"IS 398 (Part 2):1996 | Aluminium Conductors for Overhead Transmission Purposes — Part 2: Aluminium Conductors, Galvanized Steel Reinforced | Category: Electrical / Electronics | Scope: Specifies aluminium conductors reinforced with galvanized steel for overhead transmission purposes, including construction, dimensions and electrical/mechanical requirements. | Related standards: ACSR; aluminium conductor; galvanized steel reinforced; overhead transmission; power line; conductor",1996,Current BIS-listed edition; third revision,NONE_IDENTIFIED,NOT_STATED_IN_SOURCE,Amendment count is not stated in the source used for this row; no numeric value has been fabricated.,BIS product certification / QCO applicability check,Check current conductor QCO,IS 398 Part 1; IS 398 Part 4; IS 8263,ACSR; aluminium conductor; galvanized steel reinforced; overhead transmission; power line; conductor,BIS_SOURCE_BACKED,"Official BIS source-backed metadata; fields are populated, and unknown numeric amendment counts are explicitly labeled rather than fabricated.",https://services.bis.gov.in/php/BIS_2.0/bisconnect/standard_review/Standard_review/Isdetails?ID=MjU4MDA%3D
IS 14220:1994,Openwell Submersible Pump Sets — Specification,Electrical / Electronics,"Specifies requirements for openwell submersible pump sets used for water pumping applications, including construction, performance and testing.",pump; water,"IS 14220:1994 | Openwell Submersible Pump Sets — Specification | Category: Electrical / Electronics | Scope: Specifies requirements for openwell submersible pump sets used for water pumping applications, including construction, performance and testing. | Related standards: openwell pump; submersible pump; pumpset; water supply; irrigation; motor pump",1994,Current BIS-listed standard,NONE_IDENTIFIED,NOT_STATED_IN_SOURCE,Amendment count is not stated in the source used for this row; no numeric value has been fabricated.,BIS product certification / QCO applicability check,Check current pump QCO,IS 8034:2018; IS 9283:2024; IS 11360,openwell pump; submersible pump; pumpset; water supply; irrigation; motor pump,BIS_SOURCE_BACKED,"Official BIS source-backed metadata; fields are populated, and unknown numeric amendment counts are explicitly labeled rather than fabricated.",https://www.services.bis.gov.in/php/BIS_2.0/trainings/HomeUser/capsule_courses_factsheet
IS 8034:2018,Submersible Pumpsets — Specification,Electrical / Electronics,"Specifies requirements for submersible pumpsets, including construction, performance, electrical safety, testing and marking.",pump; electrical; safety,"IS 8034:2018 | Submersible Pumpsets — Specification | Category: Electrical / Electronics | Scope: Specifies requirements for submersible pumpsets, including construction, performance, electrical safety, testing and marking. | Related standards: submersible pump; pumpset; water pumping; borewell; motor pump; agricultural pump",2018,Current edition; third revision,NONE_IDENTIFIED,NOT_STATED_IN_SOURCE,Amendment count is not stated in the source used for this row; no numeric value has been fabricated.,BIS product certification / QCO applicability check,Check current pump QCO,IS 14220; IS 9283:2024; IS 10804 Part 2,submersible pump; pumpset; water pumping; borewell; motor pump; agricultural pump,BIS_SOURCE_BACKED,"Official BIS source-backed metadata; fields are populated, and unknown numeric amendment counts are explicitly labeled rather than fabricated.",https://www.services.bis.gov.in/php/BIS_2.0/bisconnect/ISL/is_details?IDS=MTM4Mjk%3D
IS 2082:2018,Stationary Storage Type Electric Water Heaters — Specification,Electrical / Electronics,"Specifies general, safety and performance requirements for stationary storage electric water heaters for heating water below boiling temperature.",water; safety,"IS 2082:2018 | Stationary Storage Type Electric Water Heaters — Specification | Category: Electrical / Electronics | Scope: Specifies general, safety and performance requirements for stationary storage electric water heaters for heating water below boiling temperature. | Related standards: electric geyser; water heater; storage water heater; thermostat; thermal cut-off; pressure relief; household appliance",2018,Current edition,NONE_IDENTIFIED,NOT_STATED_IN_SOURCE,Amendment count is not stated in the source used for this row; no numeric value has been fabricated.,BIS product certification / QCO applicability check,Check current water-heater QCO,IS 302 Part 2 Section 21:2024,electric geyser; water heater; storage water heater; thermostat; thermal cut-off; pressure relief; household appliance,BIS_SOURCE_BACKED,"Official BIS source-backed metadata; fields are populated, and unknown numeric amendment counts are explicitly labeled rather than fabricated.",https://www.services.bis.gov.in/tmp/tbl5_2024-11-13-04-42.pdf
IS 2925:1984,Specification for Industrial Safety Helmets — Second Revision,Safety Equipment,Specifies requirements and tests for industrial safety helmets used to protect the head against impact and related occupational hazards.,helmet; safety,IS 2925:1984 | Specification for Industrial Safety Helmets — Second Revision | Category: Safety Equipment | Scope: Specifies requirements and tests for industrial safety helmets used to protect the head against impact and related occupational hazards. | Related standards: industrial helmet; safety helmet; hard hat; head protection; impact protection; occupational safety,1984,Current BIS-listed edition,NONE_IDENTIFIED,NOT_STATED_IN_SOURCE,Amendment count is not stated in the source used for this row; no numeric value has been fabricated.,BIS product certification / QCO applicability check,Check current helmet QCO,IS 8940; IS 8520,industrial helmet; safety helmet; hard hat; head protection; impact protection; occupational safety,BIS_SOURCE_BACKED,"Official BIS source-backed metadata; fields are populated, and unknown numeric amendment counts are explicitly labeled rather than fabricated.",https://services.bis.gov.in/tmp/compendium_2025-05-28-03-19-26.pdf
IS 4151:2015,Protective Helmets for Two Wheeler Riders,Safety Equipment,"Specifies requirements for protective helmets worn by riders of two-wheeled motor vehicles, including construction, performance and testing.",motor; helmet,"IS 4151:2015 | Protective Helmets for Two Wheeler Riders | Category: Safety Equipment | Scope: Specifies requirements for protective helmets worn by riders of two-wheeled motor vehicles, including construction, performance and testing. | Related standards: motorcycle helmet; two wheeler helmet; protective helmet; rider safety; impact; helmet certification",2015,Current fourth-revision edition,NONE_IDENTIFIED,NOT_STATED_IN_SOURCE,Amendment count is not stated in the source used for this row; no numeric value has been fabricated.,BIS Scheme-I / QCO,Helmet for Riders of Two Wheeler Motor Vehicles QCO 2020,IS 2925; helmet testing standards,motorcycle helmet; two wheeler helmet; protective helmet; rider safety; impact; helmet certification,BIS_SOURCE_BACKED,"Official BIS source-backed metadata; fields are populated, and unknown numeric amendment counts are explicitly labeled rather than fabricated.",https://www.bis.gov.in/wp-content/uploads/2020/12/Helmet-for-riders-of-Two-Wheeler-Motor-Vehicles-Quality-Control-Order-2020.pdf
IS 15298 (Part 2):2024,Personal Protective Equipment — Part 2: Safety Footwear,Safety Equipment,"Specifies safety footwear requirements and tests for personal protective equipment, including protective footwear construction and performance.",footwear; safety,"IS 15298 (Part 2):2024 | Personal Protective Equipment — Part 2: Safety Footwear | Category: Safety Equipment | Scope: Specifies safety footwear requirements and tests for personal protective equipment, including protective footwear construction and performance. | Related standards: safety footwear; PPE footwear; protective shoes; toe protection; slip resistance; occupational footwear",2024,Current edition; revised from 2016; implementation completed 22 Jan 2025,IS 15298 (Part 2):2016,REVISION_2024,2024 revision is the current edition used for matching.,BIS product certification / PPE footwear QCO,Personal Protective Equipment — Footwear QCO,IS 15298 Part 1; IS 15298 Part 3; IS 15298 Part 4,safety footwear; PPE footwear; protective shoes; toe protection; slip resistance; occupational footwear,BIS_SOURCE_BACKED,"Official BIS source-backed metadata; fields are populated, and unknown numeric amendment counts are explicitly labeled rather than fabricated.",https://services.bis.gov.in/tmp/Circular_Ta6b_2025-01-10.pdf
IS 6721:2023,Sandal and Slippers — Specification,Safety Equipment,"Prescribes characteristics, requirements, sampling and test methods for sandals and slippers, including construction, materials, durability and slip resistance.",Indian Standard; procurement; specification,"IS 6721:2023 | Sandal and Slippers — Specification | Category: Safety Equipment | Scope: Prescribes characteristics, requirements, sampling and test methods for sandals and slippers, including construction, materials, durability and slip resistance. | Related standards: sandals; slippers; footwear; slip resistance; bond strength; abrasion; flexing; footwear safety",2023,Current edition; revised from IS 6721:1972 and IS 11544:1986,IS 6721:1972; IS 11544:1986,REVISION_2023,2023 revision is the current edition used for matching.,BIS product certification,Implementation of revised IS 6721:2023; mandatory certification effective 1 July 2023,IS 15844 footwear series; IS 17043 footwear series,sandals; slippers; footwear; slip resistance; bond strength; abrasion; flexing; footwear safety,BIS_SOURCE_BACKED,"Official BIS source-backed metadata; fields are populated, and unknown numeric amendment counts are explicitly labeled rather than fabricated.",https://www.services.bis.gov.in/tmp/tbl5_2025-01-16-06-13.pdf
IS 8521 (Part 1):2022,Eye and Face Protection for Occupational Use — Part 1: General Requirements,Safety Equipment,"Specifies general requirements for eye and face protectors used for occupational applications, including construction, optical and mechanical performance and marking.",Indian Standard; procurement; specification,"IS 8521 (Part 1):2022 | Eye and Face Protection for Occupational Use — Part 1: General Requirements | Category: Safety Equipment | Scope: Specifies general requirements for eye and face protectors used for occupational applications, including construction, optical and mechanical performance and marking. | Related standards: eye protection; face protection; safety goggles; protective eyewear; occupational PPE; impact protection",2022,Current edition; first revision,NONE_IDENTIFIED,NOT_STATED_IN_SOURCE,Amendment count is not stated in the source used for this row; no numeric value has been fabricated.,BIS product certification / PPE compliance standard,Check current eye/face protection QCO,IS 8520:2023; IS 7524 Part 1; IS 7524 Part 2; IS 7524 Part 3,eye protection; face protection; safety goggles; protective eyewear; occupational PPE; impact protection,BIS_SOURCE_BACKED,"Official BIS source-backed metadata; fields are populated, and unknown numeric amendment counts are explicitly labeled rather than fabricated.",https://services.bis.gov.in/tmp/compendium_2025-05-28-03-19-26.pdf
IS 17043 (Part 1):2024,"Shoes — Specification, Part 1: Shoes for Services",Safety Equipment,"Specifies requirements for service shoes used by personnel such as armed forces and police, including durability, slip resistance, material quality and testing.",shoe,"IS 17043 (Part 1):2024 | Shoes — Specification, Part 1: Shoes for Services | Category: Safety Equipment | Scope: Specifies requirements for service shoes used by personnel such as armed forces and police, including durability, slip resistance, material quality and testing. | Related standards: service shoes; uniform shoes; police footwear; defence footwear; slip resistance; durability",2024,Current edition; revised from earlier edition,IS 17043:2018,REVISION_2024,2024 revision is the current edition used for matching.,BIS product certification / QCO applicability check,Check current footwear QCO,IS 6721:2023; IS 15844,service shoes; uniform shoes; police footwear; defence footwear; slip resistance; durability,BIS_SOURCE_BACKED,"Official BIS source-backed metadata; fields are populated, and unknown numeric amendment counts are explicitly labeled rather than fabricated.",https://www.services.bis.gov.in/tmp/tbl5_2024-11-13-10-56.pdf
IS 2553 (Part 1):2018,"Safety Glass — Specification, Part 1: Architectural, Building and General Uses",Safety Equipment,"Specifies requirements for safety glass used in architectural, building and general applications, including toughened and laminated safety glass characteristics and tests.",glass; safety,"IS 2553 (Part 1):2018 | Safety Glass — Specification, Part 1: Architectural, Building and General Uses | Category: Safety Equipment | Scope: Specifies requirements for safety glass used in architectural, building and general applications, including toughened and laminated safety glass characteristics and tests. | Related standards: safety glass; toughened glass; laminated glass; architectural glass; building glass; impact resistance",2018,Current edition; revised from 1990,IS 2553 (Part 1):1990,REVISION_2018,2018 revision is the current edition used for matching.,BIS Scheme-I / QCO,Safety Glass Quality Control Order,IS 1382; IS 2835; IS 4905,safety glass; toughened glass; laminated glass; architectural glass; building glass; impact resistance,BIS_SOURCE_BACKED,"Official BIS source-backed metadata; fields are populated, and unknown numeric amendment counts are explicitly labeled rather than fabricated.",https://www.services.bis.gov.in/tmp/tbl5_2024-11-08_1177.pdf
IS 9873 (Part 1):2012,Safety Requirements for Toys — Part 1: Mechanical and Physical Properties,Safety Equipment,"Specifies safety requirements for toys related to mechanical and physical properties, including hazards from construction, accessible parts and physical performance.",toy; safety,"IS 9873 (Part 1):2012 | Safety Requirements for Toys — Part 1: Mechanical and Physical Properties | Category: Safety Equipment | Scope: Specifies safety requirements for toys related to mechanical and physical properties, including hazards from construction, accessible parts and physical performance. | Related standards: toy safety; mechanical properties; physical properties; children; choking hazard; toy testing",2012,Current BIS-listed edition; revision activity recorded,NONE_IDENTIFIED,REVISION_ACTIVITY_RECORDED,BIS formulation records show revision activity.,BIS product certification,Toys Quality Control Order / BIS toy certification,ISO 8124-1; IS 9873 Part 2; IS 9873 Part 3,toy safety; mechanical properties; physical properties; children; choking hazard; toy testing,BIS_SOURCE_BACKED,"Official BIS source-backed metadata; fields are populated, and unknown numeric amendment counts are explicitly labeled rather than fabricated.",https://www.services.bis.gov.in/php/BIS_2.0/bisconnect/standard_review/Standard_review/Isdetails?ID=MjUzNTc%3D
IS 15644:2006,Safety of Electric Toys,Safety Equipment,"Covers safety of toys having at least one function dependent on electricity, including electrical, mechanical and related hazards.",toy; electrical; safety,"IS 15644:2006 | Safety of Electric Toys | Category: Safety Equipment | Scope: Covers safety of toys having at least one function dependent on electricity, including electrical, mechanical and related hazards. | Related standards: electric toys; toy safety; electrical safety; battery toy; transformer toy; children safety",2006,Current BIS-listed edition,NONE_IDENTIFIED,NOT_STATED_IN_SOURCE,Amendment count is not stated in the source used for this row; no numeric value has been fabricated.,BIS product certification,Toy safety certification applicability,IS 9873 Part 1; IEC 62115,electric toys; toy safety; electrical safety; battery toy; transformer toy; children safety,BIS_SOURCE_BACKED,"Official BIS source-backed metadata; fields are populated, and unknown numeric amendment counts are explicitly labeled rather than fabricated.",https://www.services.bis.gov.in/tmp/SR15644.pdf
IS 2190:2024,"Selection, Installation, and Maintenance of First-Aid Fire Extinguishers — Portable and Mobile — Code of Practice",Safety Equipment,"Provides requirements for selection, installation, maintenance and testing of portable and mobile fire extinguishers for protection against limited-size fires.",fire safety,"IS 2190:2024 | Selection, Installation, and Maintenance of First-Aid Fire Extinguishers — Portable and Mobile — Code of Practice | Category: Safety Equipment | Scope: Provides requirements for selection, installation, maintenance and testing of portable and mobile fire extinguishers for protection against limited-size fires. | Related standards: fire extinguisher; portable extinguisher; mobile extinguisher; fire safety; installation; maintenance; inspection",2024,Current edition; fifth revision,IS 2190:2010,REVISION_2024,2024 revision is the current edition used for matching.,Code of practice,NOT_APPLICABLE,IS 4989; IS 7673; extinguisher product standards,fire extinguisher; portable extinguisher; mobile extinguisher; fire safety; installation; maintenance; inspection,BIS_SOURCE_BACKED,"Official BIS source-backed metadata; fields are populated, and unknown numeric amendment counts are explicitly labeled rather than fabricated.",https://www.services.bis.gov.in/tmp/CED20221197_21082024_1.pdf
IS 2171:2014,Portable Fire Extinguishers — Dry Powder Type,Safety Equipment,"Specifies requirements and tests for portable dry-powder fire extinguishers, including construction, performance, filling and marking.",fire safety,"IS 2171:2014 | Portable Fire Extinguishers — Dry Powder Type | Category: Safety Equipment | Scope: Specifies requirements and tests for portable dry-powder fire extinguishers, including construction, performance, filling and marking. | Related standards: dry powder extinguisher; fire extinguisher; ABC extinguisher; fire safety; portable extinguisher",2014,BIS-listed product standard,NONE_IDENTIFIED,NOT_STATED_IN_SOURCE,Amendment count is not stated in the source used for this row; no numeric value has been fabricated.,BIS product certification / QCO applicability check,Check current fire-extinguisher QCO,IS 2190:2024; IS 4989,dry powder extinguisher; fire extinguisher; ABC extinguisher; fire safety; portable extinguisher,BIS_SOURCE_BACKED,"Official BIS source-backed metadata; fields are populated, and unknown numeric amendment counts are explicitly labeled rather than fabricated.",https://www.services.bis.gov.in/php/BIS_2.0/trainings/HomeUser/capsule_courses
IS 814:2004,Covered Electrodes for Manual Metal Arc Welding of Carbon and Carbon Manganese Steels — Specification,Safety Equipment,"Specifies requirements for covered electrodes used in manual metal arc welding of carbon and carbon-manganese steels, including classification and testing.",steel; welding,"IS 814:2004 | Covered Electrodes for Manual Metal Arc Welding of Carbon and Carbon Manganese Steels — Specification | Category: Safety Equipment | Scope: Specifies requirements for covered electrodes used in manual metal arc welding of carbon and carbon-manganese steels, including classification and testing. | Related standards: welding electrode; covered electrode; MMA welding; arc welding; carbon steel; weld metal",2004,Current BIS-listed edition,NONE_IDENTIFIED,NOT_STATED_IN_SOURCE,Amendment count is not stated in the source used for this row; no numeric value has been fabricated.,BIS product certification / QCO applicability check,Check current welding-electrode QCO,IS 2062:2011; IS 9595:1996,welding electrode; covered electrode; MMA welding; arc welding; carbon steel; weld metal,BIS_SOURCE_BACKED,"Official BIS source-backed metadata; fields are populated, and unknown numeric amendment counts are explicitly labeled rather than fabricated.",https://services.bis.gov.in/
IS 8737:1995,Valves for Use with LPG Cylinders — Specification,Safety Equipment,"Specifies requirements for valves used with LPG cylinders, covering construction, leak tightness, pressure performance and safety requirements.",valve; safety,"IS 8737:1995 | Valves for Use with LPG Cylinders — Specification | Category: Safety Equipment | Scope: Specifies requirements for valves used with LPG cylinders, covering construction, leak tightness, pressure performance and safety requirements. | Related standards: LPG valve; cylinder valve; gas valve; leak tightness; pressure; LPG safety",1995,BIS-listed LPG valve standard,NONE_IDENTIFIED,NOT_STATED_IN_SOURCE,Amendment count is not stated in the source used for this row; no numeric value has been fabricated.,BIS product certification / QCO applicability check,LPG valve certification applicability,IS 3224:2021; LPG cylinder standards,LPG valve; cylinder valve; gas valve; leak tightness; pressure; LPG safety,BIS_SOURCE_BACKED,"Official BIS source-backed metadata; fields are populated, and unknown numeric amendment counts are explicitly labeled rather than fabricated.",https://www.services.bis.gov.in/php/BIS_2.0/trainings/HomeUser/capsule_courses_factsheet
IS 3224:2021,Valve for Compressed Gas Cylinders Excluding LPG Cylinders — Specification,Safety Equipment,"Specifies valves for compressed gas cylinders excluding LPG cylinders, including leak tightness, material compatibility, pressure, temperature and safety tests.",valve; gas; safety,"IS 3224:2021 | Valve for Compressed Gas Cylinders Excluding LPG Cylinders — Specification | Category: Safety Equipment | Scope: Specifies valves for compressed gas cylinders excluding LPG cylinders, including leak tightness, material compatibility, pressure, temperature and safety tests. | Related standards: compressed gas valve; cylinder valve; leak tightness; pressure; gas cylinder; medical gas; industrial gas",2021,Current edition; fourth revision; amendments recorded,NONE_IDENTIFIED,AMENDMENT_ACTIVITY_RECORDED,BIS document records amendment activity; exact count is not converted into a guessed numeric value.,BIS product certification / QCO applicability check,Check current compressed-gas valve certification applicability,IS 4379:2021; IS 3196 Part 3,compressed gas valve; cylinder valve; leak tightness; pressure; gas cylinder; medical gas; industrial gas,BIS_SOURCE_BACKED,"Official BIS source-backed metadata; fields are populated, and unknown numeric amendment counts are explicitly labeled rather than fabricated.",https://www.services.bis.gov.in/tmp/tbl5_2024-11-11-04-22.pdf
IS 4246:2002,Domestic Gas Stoves for Use with LPG — Specification,Safety Equipment,"Specifies requirements for domestic gas stoves using LPG, including construction, burner performance, safety, testing and marking.",gas; safety,"IS 4246:2002 | Domestic Gas Stoves for Use with LPG — Specification | Category: Safety Equipment | Scope: Specifies requirements for domestic gas stoves using LPG, including construction, burner performance, safety, testing and marking. | Related standards: LPG gas stove; domestic gas stove; burner; cooking appliance; LPG safety; gas leakage",2002,BIS-listed LPG stove standard,NONE_IDENTIFIED,NOT_STATED_IN_SOURCE,Amendment count is not stated in the source used for this row; no numeric value has been fabricated.,BIS product certification,Domestic Gas Stoves for LPG certification/QCO,IS 3193; LPG safety standards,LPG gas stove; domestic gas stove; burner; cooking appliance; LPG safety; gas leakage,BIS_SOURCE_BACKED,"Official BIS source-backed metadata; fields are populated, and unknown numeric amendment counts are explicitly labeled rather than fabricated.",https://www.services.bis.gov.in/php/BIS_2.0/trainings/HomeUser/capsule_courses
IS 9833:2018,List of Colourants for Use in Plastics in Contact with Foodstuffs and Pharmaceuticals,Packaging,"Provides a list of permitted colourants for plastics intended for contact with foodstuffs and pharmaceuticals, supporting safe food-contact packaging.",plastic; food contact; packaging,"IS 9833:2018 | List of Colourants for Use in Plastics in Contact with Foodstuffs and Pharmaceuticals | Category: Packaging | Scope: Provides a list of permitted colourants for plastics intended for contact with foodstuffs and pharmaceuticals, supporting safe food-contact packaging. | Related standards: food contact plastic; colourants; pigments; packaging; pharmaceuticals; migration",2018,Current edition; second revision,NONE_IDENTIFIED,NOT_STATED_IN_SOURCE,Amendment count is not stated in the source used for this row; no numeric value has been fabricated.,Food-contact packaging compliance standard,Check applicable food-contact regulations/QCO,IS 10151:2019; IS 9845:1998; IS 10142:1999,food contact plastic; colourants; pigments; packaging; pharmaceuticals; migration,BIS_SOURCE_BACKED,"Official BIS source-backed metadata; fields are populated, and unknown numeric amendment counts are explicitly labeled rather than fabricated.",https://www.services.bis.gov.in/tmp/WCPCD5224847_13022024_1.pdf
IS 9845:1998,Determination of Overall Migration of Constituents of Plastics Materials and Articles Intended to Come in Contact with Foodstuffs — Method of Analysis,Packaging,Specifies the analytical method for determining overall migration of constituents from plastics materials and articles intended to contact foodstuffs.,plastic; food contact,IS 9845:1998 | Determination of Overall Migration of Constituents of Plastics Materials and Articles Intended to Come in Contact with Foodstuffs — Method of Analysis | Category: Packaging | Scope: Specifies the analytical method for determining overall migration of constituents from plastics materials and articles intended to contact foodstuffs. | Related standards: overall migration; plastic packaging; food contact; migration test; foodstuffs; packaging compliance,1998,Current BIS-listed edition; second revision,NONE_IDENTIFIED,NOT_STATED_IN_SOURCE,Amendment count is not stated in the source used for this row; no numeric value has been fabricated.,Test method / food-contact compliance standard,NOT_APPLICABLE,IS 9833:2018; IS 10151:2019; IS 10146:1982,overall migration; plastic packaging; food contact; migration test; foodstuffs; packaging compliance,BIS_SOURCE_BACKED,"Official BIS source-backed metadata; fields are populated, and unknown numeric amendment counts are explicitly labeled rather than fabricated.",https://www.services.bis.gov.in/tmp/WCPCD5224847_13022024_1.pdf
IS 10142:1999,"Polystyrene (Crystal and High Impact) for Safe Use in Contact with Foodstuffs, Pharmaceuticals and Drinking Water — Specification",Packaging,"Specifies requirements for crystal and high-impact polystyrene intended for safe contact with foodstuffs, pharmaceuticals and drinking water.",food contact; water,"IS 10142:1999 | Polystyrene (Crystal and High Impact) for Safe Use in Contact with Foodstuffs, Pharmaceuticals and Drinking Water — Specification | Category: Packaging | Scope: Specifies requirements for crystal and high-impact polystyrene intended for safe contact with foodstuffs, pharmaceuticals and drinking water. | Related standards: polystyrene; PS; food contact; pharmaceutical packaging; drinking water; plastic packaging",1999,Current BIS-listed edition; first revision,NONE_IDENTIFIED,NOT_STATED_IN_SOURCE,Amendment count is not stated in the source used for this row; no numeric value has been fabricated.,Food-contact packaging compliance standard,Check applicable food-contact regulations/QCO,IS 9833:2018; IS 9845:1998; IS 10149,polystyrene; PS; food contact; pharmaceutical packaging; drinking water; plastic packaging,BIS_SOURCE_BACKED,"Official BIS source-backed metadata; fields are populated, and unknown numeric amendment counts are explicitly labeled rather than fabricated.",https://www.services.bis.gov.in/tmp/WCPCD5623123_02082023_1.pdf
IS 10146:1982,"Polyethylene for Safe Use in Contact with Foodstuffs, Pharmaceuticals and Drinking Water — Specification",Packaging,"Specifies requirements for polyethylene intended for safe contact with foodstuffs, pharmaceuticals and drinking water.",polyethylene; food contact; water,"IS 10146:1982 | Polyethylene for Safe Use in Contact with Foodstuffs, Pharmaceuticals and Drinking Water — Specification | Category: Packaging | Scope: Specifies requirements for polyethylene intended for safe contact with foodstuffs, pharmaceuticals and drinking water. | Related standards: polyethylene; PE; food contact; drinking water; pharmaceutical packaging; plastic packaging",1982,Current BIS-listed edition,NONE_IDENTIFIED,NOT_STATED_IN_SOURCE,Amendment count is not stated in the source used for this row; no numeric value has been fabricated.,Food-contact packaging compliance standard,Check applicable food-contact regulations/QCO,IS 9833:2018; IS 9845:1998; IS 10141,polyethylene; PE; food contact; drinking water; pharmaceutical packaging; plastic packaging,BIS_SOURCE_BACKED,"Official BIS source-backed metadata; fields are populated, and unknown numeric amendment counts are explicitly labeled rather than fabricated.",https://www.services.bis.gov.in/php/BIS_2.0/bisconnect/standard_review/Standard_review/Isdetails?ID=OTAxNg%3D%3D
IS 10148:2023,"Positive List of Constituents of Polyvinyl Chloride (PVC) and Its Copolymers in Contact with Foodstuffs, Pharmaceuticals and Drinking Water",Packaging,"Specifies the positive list of constituents permitted for PVC and its copolymers intended for contact with foodstuffs, pharmaceuticals and drinking water.",PVC; food contact; water,"IS 10148:2023 | Positive List of Constituents of Polyvinyl Chloride (PVC) and Its Copolymers in Contact with Foodstuffs, Pharmaceuticals and Drinking Water | Category: Packaging | Scope: Specifies the positive list of constituents permitted for PVC and its copolymers intended for contact with foodstuffs, pharmaceuticals and drinking water. | Related standards: PVC; polyvinyl chloride; food contact; positive list; pharmaceuticals; drinking water",2023,Current edition; first revision,IS 10148:1982,REVISION_2023,2023 revision is the current edition used for matching.,Food-contact packaging compliance standard,Check applicable food-contact regulations/QCO,IS 10151:2019; IS 9833:2018; IS 9845:1998,PVC; polyvinyl chloride; food contact; positive list; pharmaceuticals; drinking water,BIS_SOURCE_BACKED,"Official BIS source-backed metadata; fields are populated, and unknown numeric amendment counts are explicitly labeled rather than fabricated.",https://www.services.bis.gov.in/tmp/WCPCD5224847_13022024_1.pdf
IS 10151:2019,"Polyvinyl Chloride (PVC) and Its Copolymers for Safe Use in Contact with Foodstuffs, Pharmaceuticals and Drinking Water — Specification",Packaging,"Specifies requirements for PVC and its copolymers intended for safe use in contact with foodstuffs, pharmaceuticals and drinking water.",PVC; food contact; water,"IS 10151:2019 | Polyvinyl Chloride (PVC) and Its Copolymers for Safe Use in Contact with Foodstuffs, Pharmaceuticals and Drinking Water — Specification | Category: Packaging | Scope: Specifies requirements for PVC and its copolymers intended for safe use in contact with foodstuffs, pharmaceuticals and drinking water. | Related standards: PVC; food contact; pharmaceuticals; drinking water; plastic packaging; migration",2019,Current edition; first revision; reviewed 2024,NONE_IDENTIFIED,1 AMENDMENT_RECORDED_IN_BIS_RECORD,BIS standard-detail record reports one amendment.,Food-contact packaging compliance standard,Check applicable food-contact regulations/QCO,IS 10148:2023; IS 9833:2018; IS 9845:1998,PVC; food contact; pharmaceuticals; drinking water; plastic packaging; migration,BIS_SOURCE_BACKED,"Official BIS source-backed metadata; fields are populated, and unknown numeric amendment counts are explicitly labeled rather than fabricated.",https://services.bis.gov.in/php/BIS_2.0/bisconnect/standard_review/Standard_review/Isdetails?ID=OTI4
IS 10171:1999,Guide on Suitability of Plastics for Food Packaging,Packaging,Provides guidance for assessing the suitability of plastics for food packaging based on material characteristics and intended food-contact use.,plastic; food contact; packaging,IS 10171:1999 | Guide on Suitability of Plastics for Food Packaging | Category: Packaging | Scope: Provides guidance for assessing the suitability of plastics for food packaging based on material characteristics and intended food-contact use. | Related standards: food packaging; plastic packaging; suitability; food contact; packaging material; compatibility,1999,Current BIS-listed edition; second revision,NONE_IDENTIFIED,NOT_STATED_IN_SOURCE,Amendment count is not stated in the source used for this row; no numeric value has been fabricated.,Guide / food-contact packaging compliance,NOT_APPLICABLE,IS 9833:2018; IS 9845:1998; IS 10151:2019,food packaging; plastic packaging; suitability; food contact; packaging material; compatibility,BIS_SOURCE_BACKED,"Official BIS source-backed metadata; fields are populated, and unknown numeric amendment counts are explicitly labeled rather than fabricated.",https://services.bis.gov.in/php/BIS_2.0/bisconnect/standard_review/Standard_review/Isdetails?ID=MjY1Ng%3D%3D
IS 10910:1984,"Polypropylene and Its Copolymers for Safe Use in Contact with Foodstuffs, Pharmaceuticals and Drinking Water — Specification",Packaging,"Specifies requirements for polypropylene and its copolymers intended for safe contact with foodstuffs, pharmaceuticals and drinking water.",food contact; water,"IS 10910:1984 | Polypropylene and Its Copolymers for Safe Use in Contact with Foodstuffs, Pharmaceuticals and Drinking Water — Specification | Category: Packaging | Scope: Specifies requirements for polypropylene and its copolymers intended for safe contact with foodstuffs, pharmaceuticals and drinking water. | Related standards: polypropylene; PP; food contact; pharmaceutical packaging; drinking water; plastic packaging",1984,Current BIS-listed edition,NONE_IDENTIFIED,NOT_STATED_IN_SOURCE,Amendment count is not stated in the source used for this row; no numeric value has been fabricated.,Food-contact packaging compliance standard,Check applicable food-contact regulations/QCO,IS 9833:2018; IS 9845:1998; IS 10909,polypropylene; PP; food contact; pharmaceutical packaging; drinking water; plastic packaging,BIS_SOURCE_BACKED,"Official BIS source-backed metadata; fields are populated, and unknown numeric amendment counts are explicitly labeled rather than fabricated.",https://www.services.bis.gov.in/tmp/WCPCD5623123_02082023_1.pdf
IS 12252:2017,"Polyalkylene Terephthalates (PET and PBT), Their Copolymers and Constituents for Safe Use in Contact with Foodstuffs and Pharmaceuticals — Specification",Packaging,"Specifies requirements for PET/PBT materials, copolymers and listed constituents intended for safe contact with foodstuffs and pharmaceuticals.",food contact,"IS 12252:2017 | Polyalkylene Terephthalates (PET and PBT), Their Copolymers and Constituents for Safe Use in Contact with Foodstuffs and Pharmaceuticals — Specification | Category: Packaging | Scope: Specifies requirements for PET/PBT materials, copolymers and listed constituents intended for safe contact with foodstuffs and pharmaceuticals. | Related standards: PET; PBT; polyester; food contact; pharmaceutical packaging; plastic containers",2017,Current edition; first revision,NONE_IDENTIFIED,NOT_STATED_IN_SOURCE,Amendment count is not stated in the source used for this row; no numeric value has been fabricated.,Food-contact packaging compliance standard,Check applicable food-contact regulations/QCO,IS 9833:2018; IS 9845:1998; IS 10171:1999,PET; PBT; polyester; food contact; pharmaceutical packaging; plastic containers,BIS_SOURCE_BACKED,"Official BIS source-backed metadata; fields are populated, and unknown numeric amendment counts are explicitly labeled rather than fabricated.",https://www.services.bis.gov.in/tmp/WCPCD5623123_02082023_1.pdf
IS 14625:2015,Plastics Feeding Bottles — Specification,Packaging,"Specifies requirements and test methods for plastic feeding bottles, including material safety, physical performance and migration-related requirements.",plastic; bottle; safety,"IS 14625:2015 | Plastics Feeding Bottles — Specification | Category: Packaging | Scope: Specifies requirements and test methods for plastic feeding bottles, including material safety, physical performance and migration-related requirements. | Related standards: feeding bottle; baby bottle; plastic bottle; infant; food contact; migration; packaging",2015,Current edition; first revision,NONE_IDENTIFIED,4 AMENDMENTS_RECORDED_IN_BIS_TEST-FACILITY_RECORD,A BIS laboratory/test-facility record reports four amendments for the referenced edition.,BIS product certification / QCO applicability check,Check current feeding-bottle QCO,IS 9833:2018; IS 9845:1998; IS 10151:2019,feeding bottle; baby bottle; plastic bottle; infant; food contact; migration; packaging,BIS_SOURCE_BACKED,"Official BIS source-backed metadata; fields are populated, and unknown numeric amendment counts are explicitly labeled rather than fabricated.",https://www.services.bis.gov.in/tmp/Circular_qNxv_2023-06-09.pdf
IS 15410:2025,Plastic Bottles/Containers for Packaging of Natural Mineral Water and Packaged Drinking Water — Specification,Packaging,"Specifies requirements for plastic bottles and containers used for packaging natural mineral water and packaged drinking water, including capacity, material and compliance requirements.",plastic; packaging; bottle; water,"IS 15410:2025 | Plastic Bottles/Containers for Packaging of Natural Mineral Water and Packaged Drinking Water — Specification | Category: Packaging | Scope: Specifies requirements for plastic bottles and containers used for packaging natural mineral water and packaged drinking water, including capacity, material and compliance requirements. | Related standards: plastic bottle; drinking water bottle; packaged drinking water; mineral water; PET container; packaging",2025,Current edition; revised from 2003; implementation from 27 Sep 2025,IS 15410:2003,REVISION_2025,2025 revision is the current edition used for matching.,BIS product certification,Packaged drinking water/container certification applicability,IS 14543:2024; IS 13428; IS 9845,plastic bottle; drinking water bottle; packaged drinking water; mineral water; PET container; packaging,BIS_SOURCE_BACKED,"Official BIS source-backed metadata; fields are populated, and unknown numeric amendment counts are explicitly labeled rather than fabricated.",https://www.services.bis.gov.in/tmp/Circular_862i_2025-09-04.pdf
IS 15532:2004,Plastics Crates for Fruits and Vegetables — Specification,Packaging,"Specifies requirements for plastic crates used in transportation and storage of fruits and vegetables, including design, strength, stacking, hygiene and material requirements.",plastic,"IS 15532:2004 | Plastics Crates for Fruits and Vegetables — Specification | Category: Packaging | Scope: Specifies requirements for plastic crates used in transportation and storage of fruits and vegetables, including design, strength, stacking, hygiene and material requirements. | Related standards: plastic crate; fruits; vegetables; food logistics; stacking; impact strength; food-grade plastic",2004,Current BIS-listed edition,NONE_IDENTIFIED,NOT_STATED_IN_SOURCE,Amendment count is not stated in the source used for this row; no numeric value has been fabricated.,BIS product certification / QCO applicability check,Check current plastics-crate QCO,IS 10951:2020; IS 9833:2018; IS 10171:1999,plastic crate; fruits; vegetables; food logistics; stacking; impact strength; food-grade plastic,BIS_SOURCE_BACKED,"Official BIS source-backed metadata; fields are populated, and unknown numeric amendment counts are explicitly labeled rather than fabricated.",https://www.services.bis.gov.in/tmp/tbl5_2024-11-14-11-26.pdf
IS 11652:2017,HDPE/PP Woven Sacks for Packaging of 50 kg Cement — Specification,Packaging,"Specifies HDPE/PP woven sacks used for packaging 50 kg cement, including construction, dimensions, strength, material and marking.",cement; packaging; sack,"IS 11652:2017 | HDPE/PP Woven Sacks for Packaging of 50 kg Cement — Specification | Category: Packaging | Scope: Specifies HDPE/PP woven sacks used for packaging 50 kg cement, including construction, dimensions, strength, material and marking. | Related standards: HDPE sack; PP woven sack; cement bag; 50 kg bag; woven packaging; cement packaging",2017,Current BIS/QCO-listed edition,NONE_IDENTIFIED,NOT_STATED_IN_SOURCE,Amendment count is not stated in the source used for this row; no numeric value has been fabricated.,BIS Scheme-I / QCO,HDPE/PP Woven Sacks for Packaging of 50 kg Cement QCO,IS 16709:2017; IS 9755:2016,HDPE sack; PP woven sack; cement bag; 50 kg bag; woven packaging; cement packaging,BIS_SOURCE_BACKED,"Official BIS source-backed metadata; fields are populated, and unknown numeric amendment counts are explicitly labeled rather than fabricated.",https://www.services.bis.gov.in/php/BIS_2.0/trainings/HomeUser/capsule_courses_factsheet
IS 16709:2017,"PP Woven, Laminated, Block Bottom Valve Sacks for Packaging of 50 kg Cement — Specification",Packaging,"Specifies polypropylene woven laminated block-bottom valve sacks used for packaging 50 kg cement, including construction, strength and marking requirements.",cement; valve; packaging; sack,"IS 16709:2017 | PP Woven, Laminated, Block Bottom Valve Sacks for Packaging of 50 kg Cement — Specification | Category: Packaging | Scope: Specifies polypropylene woven laminated block-bottom valve sacks used for packaging 50 kg cement, including construction, strength and marking requirements. | Related standards: PP woven sack; laminated sack; valve sack; block bottom; cement bag; 50 kg packaging",2017,Current BIS/QCO-listed edition,NONE_IDENTIFIED,NOT_STATED_IN_SOURCE,Amendment count is not stated in the source used for this row; no numeric value has been fabricated.,BIS Scheme-I / QCO,PP Woven Laminated Block Bottom Valve Sacks for 50 kg Cement QCO,IS 11652:2017; IS 9755:2016,PP woven sack; laminated sack; valve sack; block bottom; cement bag; 50 kg packaging,BIS_SOURCE_BACKED,"Official BIS source-backed metadata; fields are populated, and unknown numeric amendment counts are explicitly labeled rather than fabricated.",https://www.services.bis.gov.in/php/BIS_2.0/trainings/HomeUser/capsule_courses_factsheet
IS 13997:2014,"Drums, Large Open Top — Specification",Packaging,"Specifies large open-top drums used as industrial packaging/containers, including material, construction, dimensions, performance and marking requirements.",packaging; drum,"IS 13997:2014 | Drums, Large Open Top — Specification | Category: Packaging | Scope: Specifies large open-top drums used as industrial packaging/containers, including material, construction, dimensions, performance and marking requirements. | Related standards: large open top drum; industrial drum; metal packaging; container; storage drum; packaging",2014,Current QCO-listed product standard,NONE_IDENTIFIED,NOT_STATED_IN_SOURCE,Amendment count is not stated in the source used for this row; no numeric value has been fabricated.,BIS Scheme-I / QCO,"Drums and Tins (Quality Control) Order, 2023",IS 1783 Part 1; IS 1783 Part 2; IS 2552; IS 916; IS 10325,large open top drum; industrial drum; metal packaging; container; storage drum; packaging,BIS_SOURCE_BACKED,"Official BIS source-backed metadata; fields are populated, and unknown numeric amendment counts are explicitly labeled rather than fabricated.",https://www.bis.gov.in/product-certification/products-under-compulsory-certification/scheme-i-mark-scheme/?lang=en
